INSERT INTO `store_category` (`id`, `title`, `slug`) VALUES
(2, 'Grocery', 'grocery'),
(3, 'Beauty', 'beauty'),
(4, 'Cleaning', 'cleaning'),
(5, 'Stationery', 'stationery'),
(6, 'Pets', 'pets'),
(7, 'Baking', 'baking'),
(8, 'Spices', 'spices'),
(9, 'Toys', 'toys'),
(10, 'Magazines', 'magazines');

INSERT INTO `store_productimage` (`id`, `image`, `thumbnail`, `product_id`, `default`) VALUES
(2, 'uploads/product_images/Image2.jpg', 'uploads/product_images/thumbnails/Image2.jpg', 2, 1),
(3, 'uploads/product_images/Image3.jpg', 'uploads/product_images/thumbnails/Image3_VZsUAOb.jpg', 3, 0),
(4, 'uploads/product_images/Image4.jpg', 'uploads/product_images/thumbnails/Image4_kmSRsly.jpg', 4, 1),
(5, 'uploads/product_images/Image5.jpg', 'uploads/product_images/thumbnails/Image5_ulZY2jZ.jpg', 5, 1),
(6, 'uploads/product_images/Image6.jpg', 'uploads/product_images/thumbnails/Image6.jpg', 6, 1),
(7, 'uploads/product_images/Image7.jpg', 'uploads/product_images/thumbnails/Image7_HiQcm8Y.jpg', 7, 0),
(8, 'uploads/product_images/Image8.jpg', 'uploads/product_images/thumbnails/Image8.jpg', 8, 1),
(9, 'uploads/product_images/Image9.jpg', 'uploads/product_images/thumbnails/Image9.jpg', 9, 1),
(10, 'uploads/product_images/Image10.jpg', 'uploads/product_images/thumbnails/Image10.jpg', 10, 1),
(11, 'uploads/product_images/Image11.jpg', 'uploads/product_images/thumbnails/Image11.jpg', 11, 1),
(12, 'uploads/product_images/Image12.jpg', 'uploads/product_images/thumbnails/Image12.jpg', 12, 1),
(13, 'uploads/product_images/Image13.jpg', 'uploads/product_images/thumbnails/Image13.jpg', 13, 1),
(14, 'uploads/product_images/Image14.jpg', 'uploads/product_images/thumbnails/Image14.jpg', 14, 1),
(15, 'uploads/product_images/Image15.jpg', 'uploads/product_images/thumbnails/Image15.jpg', 15, 1),
(16, 'uploads/product_images/Image16.jpg', 'uploads/product_images/thumbnails/Image16.jpg', 16, 1),
(17, 'uploads/product_images/Image17.jpg', 'uploads/product_images/thumbnails/Image17.jpg', 17, 1),
(18, 'uploads/product_images/Image18.jpg', 'uploads/product_images/thumbnails/Image18.jpg', 18, 1),
(19, 'uploads/product_images/Image19.jpg', 'uploads/product_images/thumbnails/Image19.jpg', 19, 1),
(20, 'uploads/product_images/Image20.jpg', 'uploads/product_images/thumbnails/Image20.jpg', 20, 1),
(21, 'uploads/product_images/Image21.jpg', 'uploads/product_images/thumbnails/Image21.jpg', 21, 1),
(22, 'uploads/product_images/Image22.jpg', 'uploads/product_images/thumbnails/Image22.jpg', 22, 1),
(23, 'uploads/product_images/Image23.jpg', 'uploads/product_images/thumbnails/Image23.jpg', 23, 1),
(24, 'uploads/product_images/Image24.jpg', 'uploads/product_images/thumbnails/Image24.jpg', 24, 1),
(25, 'uploads/product_images/Image25.jpg', 'uploads/product_images/thumbnails/Image25.jpg', 25, 1),
(26, 'uploads/product_images/Image26.jpg', 'uploads/product_images/thumbnails/Image26.jpg', 26, 1),
(27, 'uploads/product_images/Image25_dOgmHFb.jpg', 'uploads/product_images/thumbnails/Image25_dOgmHFb.jpg', 27, 1),
(28, 'uploads/product_images/Image28.jpg', 'uploads/product_images/thumbnails/Image28.jpg', 28, 1),
(29, 'uploads/product_images/Image29.jpg', 'uploads/product_images/thumbnails/Image29.jpg', 29, 1),
(30, 'uploads/product_images/Image30.jpg', 'uploads/product_images/thumbnails/Image30.jpg', 30, 1),
(31, 'uploads/product_images/Image31.jpg', 'uploads/product_images/thumbnails/Image31.jpg', 31, 1),
(32, 'uploads/product_images/Image32.jpg', 'uploads/product_images/thumbnails/Image32.jpg', 32, 1),
(33, 'uploads/product_images/Image33.jpg', 'uploads/product_images/thumbnails/Image33.jpg', 33, 1),
(34, 'uploads/product_images/Image34.jpg', 'uploads/product_images/thumbnails/Image34.jpg', 34, 1),
(35, 'uploads/product_images/Image35.jpg', 'uploads/product_images/thumbnails/Image35.jpg', 35, 1),
(36, 'uploads/product_images/Image36.jpg', 'uploads/product_images/thumbnails/Image36.jpg', 36, 1),
(37, 'uploads/product_images/Image37.jpg', 'uploads/product_images/thumbnails/Image37.jpg', 37, 1),
(38, 'uploads/product_images/Image38.jpg', 'uploads/product_images/thumbnails/Image38.jpg', 38, 1),
(39, 'uploads/product_images/Image39.jpg', 'uploads/product_images/thumbnails/Image39.jpg', 39, 1),
(40, 'uploads/product_images/Image40.jpg', 'uploads/product_images/thumbnails/Image40.jpg', 40, 1),
(41, 'uploads/product_images/Image41.jpg', 'uploads/product_images/thumbnails/Image41.jpg', 41, 1),
(42, 'uploads/product_images/Image42.jpg', 'uploads/product_images/thumbnails/Image42.jpg', 42, 1),
(43, 'uploads/product_images/Image43.jpg', 'uploads/product_images/thumbnails/Image43.jpg', 43, 1),
(44, 'uploads/product_images/Image44.jpg', 'uploads/product_images/thumbnails/Image44.jpg', 44, 1),
(45, 'uploads/product_images/Image45.jpg', 'uploads/product_images/thumbnails/Image45.jpg', 45, 1),
(46, 'uploads/product_images/Image46.jpg', 'uploads/product_images/thumbnails/Image46.jpg', 46, 1),
(47, 'uploads/product_images/Image47.jpg', 'uploads/product_images/thumbnails/Image47.jpg', 47, 1),
(48, 'uploads/product_images/Image48.jpg', 'uploads/product_images/thumbnails/Image48.jpg', 48, 1),
(49, 'uploads/product_images/Image49.jpg', 'uploads/product_images/thumbnails/Image49.jpg', 49, 1),
(50, 'uploads/product_images/Image50.jpg', 'uploads/product_images/thumbnails/Image50.jpg', 50, 1),
(51, 'uploads/product_images/Image51.jpg', 'uploads/product_images/thumbnails/Image51.jpg', 51, 1),
(52, 'uploads/product_images/Image52.jpg', 'uploads/product_images/thumbnails/Image52.jpg', 52, 1),
(53, 'uploads/product_images/Image53.jpg', 'uploads/product_images/thumbnails/Image53.jpg', 53, 1),
(54, 'uploads/product_images/Image54.jpg', 'uploads/product_images/thumbnails/Image54.jpg', 54, 1),
(55, 'uploads/product_images/Image55.jpg', 'uploads/product_images/thumbnails/Image55.jpg', 55, 1),
(56, 'uploads/product_images/Image56.jpg', 'uploads/product_images/thumbnails/Image56.jpg', 56, 1),
(57, 'uploads/product_images/Image57.jpg', 'uploads/product_images/thumbnails/Image57.jpg', 57, 1),
(58, 'uploads/product_images/Image58.jpg', 'uploads/product_images/thumbnails/Image58.jpg', 58, 1),
(59, 'uploads/product_images/Image59.jpg', 'uploads/product_images/thumbnails/Image59.jpg', 59, 1),
(60, 'uploads/product_images/Image60.jpg', 'uploads/product_images/thumbnails/Image60.jpg', 60, 1),
(61, 'uploads/product_images/Image61.jpg', 'uploads/product_images/thumbnails/Image61.jpg', 61, 1),
(62, 'uploads/product_images/Image62.jpg', 'uploads/product_images/thumbnails/Image62.jpg', 62, 1),
(63, 'uploads/product_images/Image63.jpg', 'uploads/product_images/thumbnails/Image63.jpg', 63, 1),
(64, 'uploads/product_images/Image64.jpg', 'uploads/product_images/thumbnails/Image64.jpg', 64, 1),
(65, 'uploads/product_images/Image65.jpg', 'uploads/product_images/thumbnails/Image65.jpg', 65, 1),
(66, 'uploads/product_images/Image66.jpg', 'uploads/product_images/thumbnails/Image66.jpg', 66, 1),
(67, 'uploads/product_images/Image67.jpg', 'uploads/product_images/thumbnails/Image67.jpg', 67, 1),
(68, 'uploads/product_images/Image68.jpg', 'uploads/product_images/thumbnails/Image68.jpg', 68, 1),
(69, 'uploads/product_images/Image69.jpg', 'uploads/product_images/thumbnails/Image69.jpg', 69, 1),
(70, 'uploads/product_images/Image70.jpg', 'uploads/product_images/thumbnails/Image70.jpg', 70, 1),
(71, 'uploads/product_images/Image71.jpg', 'uploads/product_images/thumbnails/Image71.jpg', 71, 1),
(72, 'uploads/product_images/Image72.jpg', 'uploads/product_images/thumbnails/Image72.jpg', 72, 1),
(73, 'uploads/product_images/Image73.jpg', 'uploads/product_images/thumbnails/Image73.jpg', 73, 1),
(74, 'uploads/product_images/Image74.jpg', 'uploads/product_images/thumbnails/Image74.jpg', 74, 1),
(75, 'uploads/product_images/Image75.jpg', 'uploads/product_images/thumbnails/Image75.jpg', 75, 1),
(76, 'uploads/product_images/Image76.jpg', 'uploads/product_images/thumbnails/Image76.jpg', 76, 1),
(77, 'uploads/product_images/Image77.jpg', 'uploads/product_images/thumbnails/Image77.jpg', 77, 1),
(78, 'uploads/product_images/Image78.jpg', 'uploads/product_images/thumbnails/Image78.jpg', 78, 1),
(79, 'uploads/product_images/Image79.jpg', 'uploads/product_images/thumbnails/Image79.jpg', 79, 1),
(80, 'uploads/product_images/Image80.jpg', 'uploads/product_images/thumbnails/Image80.jpg', 80, 1),
(81, 'uploads/product_images/Image81.jpg', 'uploads/product_images/thumbnails/Image81.jpg', 81, 1),
(82, 'uploads/product_images/Image82.jpg', 'uploads/product_images/thumbnails/Image82.jpg', 82, 1),
(83, 'uploads/product_images/Image83.jpg', 'uploads/product_images/thumbnails/Image83.jpg', 83, 1),
(84, 'uploads/product_images/Image84.jpg', 'uploads/product_images/thumbnails/Image84.jpg', 84, 1),
(85, 'uploads/product_images/Image85.jpg', 'uploads/product_images/thumbnails/Image85.jpg', 85, 1),
(86, 'uploads/product_images/Image86.jpg', 'uploads/product_images/thumbnails/Image86.jpg', 86, 1),
(87, 'uploads/product_images/Image87.jpg', 'uploads/product_images/thumbnails/Image87.jpg', 87, 1),
(88, 'uploads/product_images/Image88.jpg', 'uploads/product_images/thumbnails/Image88.jpg', 88, 1),
(89, 'uploads/product_images/Image89.jpg', 'uploads/product_images/thumbnails/Image89.jpg', 89, 1),
(90, 'uploads/product_images/Image90.jpg', 'uploads/product_images/thumbnails/Image90.jpg', 90, 1),
(91, 'uploads/product_images/Image91.jpg', 'uploads/product_images/thumbnails/Image91.jpg', 91, 1),
(92, 'uploads/product_images/Image92.jpg', 'uploads/product_images/thumbnails/Image92.jpg', 92, 1),
(93, 'uploads/product_images/Image93.jpg', 'uploads/product_images/thumbnails/Image93.jpg', 93, 1),
(94, 'uploads/product_images/Image94.jpg', 'uploads/product_images/thumbnails/Image94.jpg', 94, 1),
(95, 'uploads/product_images/Image95.jpg', 'uploads/product_images/thumbnails/Image95.jpg', 95, 1),
(96, 'uploads/product_images/Image96.jpg', 'uploads/product_images/thumbnails/Image96.jpg', 96, 1),
(97, 'uploads/product_images/Image97.jpg', 'uploads/product_images/thumbnails/Image97.jpg', 97, 1),
(98, 'uploads/product_images/Image98.jpg', 'uploads/product_images/thumbnails/Image98.jpg', 98, 1),
(99, 'uploads/product_images/Image99.jpg', 'uploads/product_images/thumbnails/Image99.jpg', 99, 1),
(100, 'uploads/product_images/Image100.jpg', 'uploads/product_images/thumbnails/Image100.jpg', 100, 1),
(101, 'uploads/product_images/Image101.jpg', 'uploads/product_images/thumbnails/Image101.jpg', 101, 1),
(102, 'uploads/product_images/Image102.jpg', 'uploads/product_images/thumbnails/Image102.jpg', 102, 1),
(103, 'uploads/product_images/Image103.jpg', 'uploads/product_images/thumbnails/Image103.jpg', 103, 1),
(104, 'uploads/product_images/Image104.jpg', 'uploads/product_images/thumbnails/Image104.jpg', 104, 1),
(105, 'uploads/product_images/Image105.jpg', 'uploads/product_images/thumbnails/Image105.jpg', 105, 1),
(106, 'uploads/product_images/Image106.jpg', 'uploads/product_images/thumbnails/Image106.jpg', 106, 1),
(107, 'uploads/product_images/Image107.jpg', 'uploads/product_images/thumbnails/Image107.jpg', 107, 1),
(108, 'uploads/product_images/Image108.jpg', 'uploads/product_images/thumbnails/Image108.jpg', 108, 1),
(109, 'uploads/product_images/Image109.jpg', 'uploads/product_images/thumbnails/Image109.jpg', 109, 1),
(110, 'uploads/product_images/Image110.jpg', 'uploads/product_images/thumbnails/Image110.jpg', 110, 1),
(111, 'uploads/product_images/Image111.jpg', 'uploads/product_images/thumbnails/Image111.jpg', 111, 1),
(112, 'uploads/product_images/Image112.jpg', 'uploads/product_images/thumbnails/Image112.jpg', 112, 1),
(113, 'uploads/product_images/Image113.jpg', 'uploads/product_images/thumbnails/Image113.jpg', 113, 1),
(114, 'uploads/product_images/Image114.jpg', 'uploads/product_images/thumbnails/Image114.jpg', 114, 1),
(115, 'uploads/product_images/Image115.jpg', 'uploads/product_images/thumbnails/Image115.jpg', 115, 1),
(116, 'uploads/product_images/Image116.jpg', 'uploads/product_images/thumbnails/Image116.jpg', 116, 1),
(117, 'uploads/product_images/Image117.jpg', 'uploads/product_images/thumbnails/Image117.jpg', 117, 1),
(118, 'uploads/product_images/Image118.jpg', 'uploads/product_images/thumbnails/Image118.jpg', 118, 1),
(119, 'uploads/product_images/Image119.jpg', 'uploads/product_images/thumbnails/Image119.jpg', 119, 1),
(120, 'uploads/product_images/Image120.jpg', 'uploads/product_images/thumbnails/Image120.jpg', 120, 1),
(121, 'uploads/product_images/Image121.jpg', 'uploads/product_images/thumbnails/Image121.jpg', 121, 1),
(122, 'uploads/product_images/Image122.jpg', 'uploads/product_images/thumbnails/Image122.jpg', 122, 1),
(123, 'uploads/product_images/Image123.jpg', 'uploads/product_images/thumbnails/Image123.jpg', 123, 1),
(124, 'uploads/product_images/Image124.jpg', 'uploads/product_images/thumbnails/Image124.jpg', 124, 1),
(125, 'uploads/product_images/Image125.jpg', 'uploads/product_images/thumbnails/Image125.jpg', 125, 1),
(126, 'uploads/product_images/Image126.jpg', 'uploads/product_images/thumbnails/Image126.jpg', 126, 1),
(127, 'uploads/product_images/Image127.jpg', 'uploads/product_images/thumbnails/Image127.jpg', 127, 1),
(128, 'uploads/product_images/Image128.jpg', 'uploads/product_images/thumbnails/Image128.jpg', 128, 1),
(129, 'uploads/product_images/Image129.jpg', 'uploads/product_images/thumbnails/Image129.jpg', 129, 1),
(130, 'uploads/product_images/Image130.jpg', 'uploads/product_images/thumbnails/Image130.jpg', 130, 1),
(131, 'uploads/product_images/Image131.jpg', 'uploads/product_images/thumbnails/Image131.jpg', 131, 1),
(132, 'uploads/product_images/Image132.jpg', 'uploads/product_images/thumbnails/Image132.jpg', 132, 1),
(133, 'uploads/product_images/Image133.jpg', 'uploads/product_images/thumbnails/Image133.jpg', 133, 1),
(134, 'uploads/product_images/Image134.jpg', 'uploads/product_images/thumbnails/Image134.jpg', 134, 1),
(135, 'uploads/product_images/Image135.jpg', 'uploads/product_images/thumbnails/Image135.jpg', 135, 1),
(136, 'uploads/product_images/Image136.jpg', 'uploads/product_images/thumbnails/Image136.jpg', 136, 1),
(137, 'uploads/product_images/Image137.jpg', 'uploads/product_images/thumbnails/Image137.jpg', 137, 1),
(138, 'uploads/product_images/Image138.jpg', 'uploads/product_images/thumbnails/Image138.jpg', 138, 1),
(139, 'uploads/product_images/Image139.jpg', 'uploads/product_images/thumbnails/Image139.jpg', 139, 1),
(140, 'uploads/product_images/Image140.jpg', 'uploads/product_images/thumbnails/Image140.jpg', 140, 1),
(141, 'uploads/product_images/Image141.jpg', 'uploads/product_images/thumbnails/Image141.jpg', 141, 1),
(142, 'uploads/product_images/Image142.jpg', 'uploads/product_images/thumbnails/Image142.jpg', 142, 1),
(143, 'uploads/product_images/Image143.jpg', 'uploads/product_images/thumbnails/Image143.jpg', 143, 1),
(144, 'uploads/product_images/Image144.jpg', 'uploads/product_images/thumbnails/Image144.jpg', 144, 1),
(145, 'uploads/product_images/Image145.jpg', 'uploads/product_images/thumbnails/Image145.jpg', 145, 1),
(146, 'uploads/product_images/Image146.jpg', 'uploads/product_images/thumbnails/Image146.jpg', 146, 1),
(147, 'uploads/product_images/Image147.jpg', 'uploads/product_images/thumbnails/Image147.jpg', 147, 1),
(148, 'uploads/product_images/Image148.jpg', 'uploads/product_images/thumbnails/Image148.jpg', 148, 1),
(149, 'uploads/product_images/Image149.jpg', 'uploads/product_images/thumbnails/Image149.jpg', 149, 1),
(150, 'uploads/product_images/Image150.jpg', 'uploads/product_images/thumbnails/Image150.jpg', 150, 1),
(151, 'uploads/product_images/Image151.jpg', 'uploads/product_images/thumbnails/Image151.jpg', 151, 1),
(152, 'uploads/product_images/Image152.jpg', 'uploads/product_images/thumbnails/Image152.jpg', 152, 1),
(153, 'uploads/product_images/Image153.jpg', 'uploads/product_images/thumbnails/Image153.jpg', 153, 1),
(154, 'uploads/product_images/Image154.jpg', 'uploads/product_images/thumbnails/Image154.jpg', 154, 1),
(155, 'uploads/product_images/Image155.jpg', 'uploads/product_images/thumbnails/Image155.jpg', 155, 1),
(156, 'uploads/product_images/Image156.jpg', 'uploads/product_images/thumbnails/Image156.jpg', 156, 1),
(157, 'uploads/product_images/Image157.jpg', 'uploads/product_images/thumbnails/Image157.jpg', 157, 1),
(158, 'uploads/product_images/Image158.jpg', 'uploads/product_images/thumbnails/Image158.jpg', 158, 1),
(159, 'uploads/product_images/Image159.jpg', 'uploads/product_images/thumbnails/Image159.jpg', 159, 1),
(160, 'uploads/product_images/Image160.jpg', 'uploads/product_images/thumbnails/Image160.jpg', 160, 1),
(161, 'uploads/product_images/Image161.jpg', 'uploads/product_images/thumbnails/Image161.jpg', 161, 1),
(162, 'uploads/product_images/Image162.jpg', 'uploads/product_images/thumbnails/Image162.jpg', 162, 1),
(163, 'uploads/product_images/Image163.jpg', 'uploads/product_images/thumbnails/Image163.jpg', 163, 1),
(164, 'uploads/product_images/Image164.jpg', 'uploads/product_images/thumbnails/Image164.jpg', 164, 1),
(165, 'uploads/product_images/Image165.jpg', 'uploads/product_images/thumbnails/Image165.jpg', 165, 1),
(166, 'uploads/product_images/Image166.jpg', 'uploads/product_images/thumbnails/Image166.jpg', 166, 1),
(167, 'uploads/product_images/Image167.jpg', 'uploads/product_images/thumbnails/Image167.jpg', 167, 1),
(168, 'uploads/product_images/Image168.jpg', 'uploads/product_images/thumbnails/Image168.jpg', 168, 1),
(169, 'uploads/product_images/Image169.jpg', 'uploads/product_images/thumbnails/Image169.jpg', 169, 1),
(170, 'uploads/product_images/Image170_Q9hVMQZ.jpg', 'uploads/product_images/thumbnails/Image170_Q9hVMQZ.jpg', 170, 1),
(171, 'uploads/product_images/Image171_MukMBGy.jpg', 'uploads/product_images/thumbnails/Image171_MukMBGy.jpg', 171, 1),
(172, 'uploads/product_images/Image172_1EuYFab.jpg', 'uploads/product_images/thumbnails/Image172_1EuYFab.jpg', 172, 1),
(173, 'uploads/product_images/Image173_HBhgbcv.jpg', 'uploads/product_images/thumbnails/Image173_HBhgbcv.jpg', 173, 1),
(174, 'uploads/product_images/Image174_6VJGM0d.jpg', 'uploads/product_images/thumbnails/Image174_6VJGM0d.jpg', 174, 1),
(175, 'uploads/product_images/Image175_Iir3la4.jpg', 'uploads/product_images/thumbnails/Image175_Iir3la4.jpg', 175, 1),
(176, 'uploads/product_images/Image176_AzOZQaT.jpg', 'uploads/product_images/thumbnails/Image176_AzOZQaT.jpg', 176, 1),
(177, 'uploads/product_images/Image177_AGamwPV.jpg', 'uploads/product_images/thumbnails/Image177_AGamwPV.jpg', 177, 1),
(178, 'uploads/product_images/Image178_EkOuN98.jpg', 'uploads/product_images/thumbnails/Image178_EkOuN98.jpg', 178, 1),
(179, 'uploads/product_images/Image179_IrM4mQf.jpg', 'uploads/product_images/thumbnails/Image179_IrM4mQf.jpg', 179, 1),
(180, 'uploads/product_images/Image180_eBwe1iV.jpg', 'uploads/product_images/thumbnails/Image180_eBwe1iV.jpg', 180, 1),
(181, 'uploads/product_images/Image181_QxHWt2a.jpg', 'uploads/product_images/thumbnails/Image181_QxHWt2a.jpg', 181, 1),
(182, 'uploads/product_images/Image182_Wj7guY5.jpg', 'uploads/product_images/thumbnails/Image182_Wj7guY5.jpg', 182, 1),
(183, 'uploads/product_images/Image183_D9M5vUs.jpg', 'uploads/product_images/thumbnails/Image183_D9M5vUs.jpg', 183, 1),
(184, 'uploads/product_images/Image184_U2YiCnt.jpg', 'uploads/product_images/thumbnails/Image184_U2YiCnt.jpg', 184, 1),
(185, 'uploads/product_images/Image185_R2AHrfj.jpg', 'uploads/product_images/thumbnails/Image185_R2AHrfj.jpg', 185, 1),
(186, 'uploads/product_images/Image186_nx5FEeO.jpg', 'uploads/product_images/thumbnails/Image186_nx5FEeO.jpg', 186, 1),
(187, 'uploads/product_images/Image187_Nf5yfbx.jpg', 'uploads/product_images/thumbnails/Image187_Nf5yfbx.jpg', 187, 1),
(188, 'uploads/product_images/Image188_b17WaD2.jpg', 'uploads/product_images/thumbnails/Image188_b17WaD2.jpg', 188, 1),
(189, 'uploads/product_images/Image189_IoQPBjo.jpg', 'uploads/product_images/thumbnails/Image189_IoQPBjo.jpg', 189, 1),
(190, 'uploads/product_images/Image190_tRCqKls.jpg', 'uploads/product_images/thumbnails/Image190_tRCqKls.jpg', 190, 1),
(191, 'uploads/product_images/Image191_2vVtdP4.jpg', 'uploads/product_images/thumbnails/Image191_2vVtdP4.jpg', 191, 1),
(192, 'uploads/product_images/Image192_3ttTkoK.jpg', 'uploads/product_images/thumbnails/Image192_3ttTkoK.jpg', 192, 1),
(193, 'uploads/product_images/Image193_ViTqXXh.jpg', 'uploads/product_images/thumbnails/Image193_ViTqXXh.jpg', 193, 1),
(194, 'uploads/product_images/Image194_wcvcTpO.jpg', 'uploads/product_images/thumbnails/Image194_wcvcTpO.jpg', 194, 1),
(195, 'uploads/product_images/Image195_AuKBHCw.jpg', 'uploads/product_images/thumbnails/Image195_AuKBHCw.jpg', 195, 1),
(196, 'uploads/product_images/Image196_CCvSSaj.jpg', 'uploads/product_images/thumbnails/Image196_CCvSSaj.jpg', 196, 1),
(197, 'uploads/product_images/Image197_DKbmosU.jpg', 'uploads/product_images/thumbnails/Image197_DKbmosU.jpg', 197, 1),
(198, 'uploads/product_images/Image198_S574jLr.jpg', 'uploads/product_images/thumbnails/Image198_S574jLr.jpg', 198, 1),
(199, 'uploads/product_images/Image199_ekelHrw.jpg', 'uploads/product_images/thumbnails/Image199_ekelHrw.jpg', 199, 1),
(200, 'uploads/product_images/Image200.jpg', 'uploads/product_images/thumbnails/Image200.jpg', 200, 1),
(201, 'uploads/product_images/Image201.jpg', 'uploads/product_images/thumbnails/Image201.jpg', 201, 1),
(202, 'uploads/product_images/Image202.jpg', 'uploads/product_images/thumbnails/Image202.jpg', 202, 1),
(203, 'uploads/product_images/Image203.jpg', 'uploads/product_images/thumbnails/Image203.jpg', 203, 1),
(204, 'uploads/product_images/Image204.jpg', 'uploads/product_images/thumbnails/Image204_7dzLtgI.jpg', 204, 1),
(205, 'uploads/product_images/Image205.jpg', 'uploads/product_images/thumbnails/Image205.jpg', 205, 1),
(206, 'uploads/product_images/Image206.jpg', 'uploads/product_images/thumbnails/Image206.jpg', 206, 1),
(207, 'uploads/product_images/Image207.jpg', 'uploads/product_images/thumbnails/Image207.jpg', 207, 1),
(208, 'uploads/product_images/Image208.jpg', 'uploads/product_images/thumbnails/Image208.jpg', 208, 1),
(209, 'uploads/product_images/Image209.jpg', 'uploads/product_images/thumbnails/Image209.jpg', 209, 1),
(210, 'uploads/product_images/Image210.jpg', 'uploads/product_images/thumbnails/Image210.jpg', 210, 1),
(211, 'uploads/product_images/Image211.jpg', 'uploads/product_images/thumbnails/Image211.jpg', 211, 1),
(212, 'uploads/product_images/Image212.jpg', 'uploads/product_images/thumbnails/Image212.jpg', 212, 1),
(213, 'uploads/product_images/Image213.jpg', 'uploads/product_images/thumbnails/Image213.jpg', 213, 1),
(214, 'uploads/product_images/Image214.jpg', 'uploads/product_images/thumbnails/Image214.jpg', 214, 1),
(215, 'uploads/product_images/Image215.jpg', 'uploads/product_images/thumbnails/Image215.jpg', 215, 1),
(216, 'uploads/product_images/Image216.jpg', 'uploads/product_images/thumbnails/Image216.jpg', 216, 1),
(217, 'uploads/product_images/Image217.jpg', 'uploads/product_images/thumbnails/Image217.jpg', 217, 1),
(218, 'uploads/product_images/Image218.jpg', 'uploads/product_images/thumbnails/Image218.jpg', 218, 1),
(219, 'uploads/product_images/Image219.jpg', 'uploads/product_images/thumbnails/Image219.jpg', 219, 1),
(264, 'uploads/product_images/Image5_nk7zKWO.jpg', 'uploads/product_images/thumbnails/Image5_nk7zKWO_RkHMPhV.jpg', 3, 0),
(265, 'uploads/product_images/Image6_QIAMsz1.jpg', 'uploads/product_images/thumbnails/Image6_ZkwYhVE.jpg', 5, 0),
(266, 'uploads/product_images/Image8_xVLxpOg.jpg', 'uploads/product_images/thumbnails/Image8_dMjdULy.jpg', 7, 1),
(267, 'uploads/product_images/Image24_Rf8d8hW.jpg', 'uploads/product_images/thumbnails/Image24_p5SYV4v.jpg', 27, 0),
(270, 'uploads/product_images/Image18_GRJqAp5.jpg', 'uploads/product_images/thumbnails/Image18_GRJqAp5_F5RGEaZ.jpg', 27, 0),
(274, 'uploads/product_images/Image170_Q9hVMQZ_fAN1mxs.jpg', 'uploads/product_images/thumbnails/Image170_Q9hVMQZ_fAN1mxs_GjKZrGs.jpg', 1, 0),
(275, 'uploads/product_images/Image83_pEAtbYS.jpg', 'uploads/product_images/thumbnails/Image83_pEAtbYS.jpg', 1, 1),
(280, 'uploads/product_images/Image25_PG7Vn9O.jpg', 'uploads/product_images/thumbnails/Image25_PG7Vn9O.jpg', 3, 0),
(281, 'uploads/product_images/Image9_woqxoqT.jpg', 'uploads/product_images/thumbnails/Image9_lDO0rD9.jpg', 3, 0),
(283, 'uploads/product_images/Image53_xpqG8pX.jpg', 'uploads/product_images/thumbnails/Image53_NGSZQjL.jpg', 3, 1),
(284, 'uploads/product_images/Image219.jpeg', 'uploads/product_images/thumbnails/Image219.jpeg', 220, 1);

INSERT INTO `store_product` (`id`, `title`, `slug`, `description`, `unit_price`, `inventory`, `created_at`, `last_update`, `category_id`, `user_id`, `status`, `deleted`) VALUES
(1, 'Bread Ww Cluster', '-', 'mus vivamus vestibulum sagittis sapien cum sociis natoque penatibus et magnis dis parturient montes nascetur ridiculus', 4.00, 12, '2019-01-01 00:00:00.000000', '2023-05-31 01:05:36.701603', 7, 1, 2, 0),
(2, 'Island Oasis - Raspberry', 'islandoasisraspberry', 'maecenas tincidunt lacus at velit vivamus vel nulla eget eros elementum pellentesque', 84.64, 40, '2019-01-01 00:00:00.000000', '2023-05-25 00:45:04.419543', 2, 2, 2, 0),
(3, 'Shrimp - 21/25, Peel And Deviened', '-', 'nisi volutpat eleifend donec ut dolor morbi vel lectus in quam', 11.52, 29, '2019-01-01 00:00:00.000000', '2023-05-22 00:47:27.386636', 2, 1, 2, 0),
(4, 'Wood Chips - Regular', '-', 'posuere cubilia curae nulla dapibus dolor vel est donec odio justo sollicitudin ut', 73.47, 40, '2019-01-01 00:00:00.000000', '2023-05-11 02:34:34.798194', 5, 2, 0, 0),
(5, 'Lettuce - Mini Greens, Whole', '-', 'lectus in est risus auctor sed tristique in tempus sit amet sem fusce consequat nulla nisl nunc', 60.21, 56, '2019-01-01 00:00:00.000000', '2023-05-20 03:26:12.876181', 5, 1, 2, 0),
(6, 'Mustard - Individual Pkg', '-', 'pellentesque volutpat dui maecenas tristique est et tempus semper est quam pharetra magna', 76.62, 18, '2019-01-01 00:00:00.000000', '2023-04-10 06:22:03.377883', 7, 2, 2, 0),
(7, 'Turkey Tenderloin Frozen', '-', 'sit amet erat nulla tempus vivamus in felis eu sapien cursus vestibulum proin eu mi nulla ac enim', 13.64, 48, '2019-01-01 00:00:00.000000', '2023-05-20 03:27:26.825435', 4, 1, 2, 0),
(8, 'Silicone Parch. 16.3x24.3', '-', 'faucibus orci luctus et ultrices posuere cubilia curae duis faucibus accumsan odio curabitur convallis duis', 85.76, 55, '2019-01-01 00:00:00.000000', '2023-04-10 06:24:53.976346', 7, 2, 2, 0),
(9, 'Tomatoes - Cherry, Yellow', '-', 'sapien cursus vestibulum proin eu mi nulla ac enim in tempor turpis nec euismod scelerisque quam turpis adipiscing', 30.81, 45, '2019-01-01 00:00:00.000000', '2023-04-10 06:23:42.045407', 5, 1, 2, 0),
(10, 'Sloe Gin - Mcguinness', '-', 'fringilla rhoncus mauris enim leo rhoncus sed vestibulum sit amet cursus id turpis integer aliquet massa', 2.82, 69, '2019-01-01 00:00:00.000000', '2023-04-10 06:23:42.523848', 5, 2, 2, 0),
(11, 'Wine - Magnotta - Belpaese', '-', 'ut massa volutpat convallis morbi odio odio elementum eu interdum eu tincidunt in leo', 37.72, 71, '2019-01-01 00:00:00.000000', '2023-04-10 06:24:54.614921', 7, 1, 2, 0),
(12, 'Beer - Alexander Kieths, Pale Ale', '-', 'nisl aenean lectus pellentesque eget nunc donec quis orci eget orci vehicula condimentum curabitur in libero ut massa', 92.74, 55, '2019-01-01 00:00:00.000000', '2023-04-10 06:22:13.096423', 2, 2, 2, 0),
(13, 'Basil - Thai', '-', 'rhoncus aliquam lacus morbi quis tortor id nulla ultrices aliquet maecenas leo odio condimentum', 50.07, 41, '2019-01-01 00:00:00.000000', '2023-04-10 06:24:55.113697', 7, 1, 2, 0),
(14, 'Tofu - Soft', '-', 'at vulputate vitae nisl aenean lectus pellentesque eget nunc donec quis orci eget orci vehicula', 88.70, 24, '2019-01-01 00:00:00.000000', '2023-04-10 06:23:14.745033', 4, 2, 2, 0),
(15, 'Mayonnaise - Individual Pkg', '-', 'id luctus nec molestie sed justo pellentesque viverra pede ac diam cras pellentesque volutpat dui maecenas tristique est et', 81.81, 35, '2019-01-01 00:00:00.000000', '2023-04-10 06:23:15.064162', 4, 1, 2, 0),
(16, 'Sauce - Hollandaise', '-', 'blandit lacinia erat vestibulum sed magna at nunc commodo placerat praesent blandit nam nulla integer pede', 9.09, 63, '2019-01-01 00:00:00.000000', '2023-04-10 06:24:55.441385', 7, 2, 2, 0),
(17, 'Salt - Rock, Course', '-', 'congue etiam justo etiam pretium iaculis justo in hac habitasse platea dictumst etiam faucibus cursus urna ut tellus nulla ut', 41.53, 60, '2019-01-01 00:00:00.000000', '2023-04-10 06:22:14.101201', 2, 1, 2, 0),
(18, 'Beef - Ox Tail, Frozen', '-', 'donec pharetra magna vestibulum aliquet ultrices erat tortor sollicitudin mi sit amet lobortis sapien sapien', 80.97, 85, '2019-01-01 00:00:00.000000', '2023-04-10 06:23:15.600670', 4, 2, 2, 0),
(19, 'Schnappes - Peach, Walkers', '-', 'phasellus in felis donec semper sapien a libero nam dui proin leo odio porttitor id consequat in', 81.97, 10, '2019-01-01 00:00:00.000000', '2023-04-10 06:23:43.482496', 5, 1, 2, 0),
(20, 'Cheese - Parmesan Cubes', '-', 'ut nunc vestibulum ante ipsum primis in faucibus orci luctus et ultrices posuere cubilia curae mauris viverra', 32.94, 97, '2019-01-01 00:00:00.000000', '2023-04-10 06:22:14.295428', 2, 2, 2, 0),
(21, 'Sweet Pea Sprouts', '-', 'lectus aliquam sit amet diam in magna bibendum imperdiet nullam', 31.93, 49, '2019-01-01 00:00:00.000000', '2023-04-10 06:23:44.045256', 5, 1, 2, 0),
(22, 'Straw - Regular', '-', 'nec nisi vulputate nonummy maecenas tincidunt lacus at velit vivamus vel', 76.59, 56, '2019-01-01 00:00:00.000000', '2023-04-10 06:23:44.400432', 5, 2, 2, 0),
(23, 'Peach - Fresh', '-', 'feugiat et eros vestibulum ac est lacinia nisi venenatis tristique fusce congue diam id ornare imperdiet sapien', 2.95, 63, '2019-01-01 00:00:00.000000', '2023-04-10 06:24:55.915222', 7, 1, 2, 0),
(24, 'Chinese Foods - Pepper Beef', '-', 'nec nisi volutpat eleifend donec ut dolor morbi vel lectus in quam fringilla rhoncus mauris', 86.30, 64, '2019-01-01 00:00:00.000000', '2023-04-10 06:22:14.851214', 2, 2, 2, 0),
(25, 'Guava', '-', 'erat eros viverra eget congue eget semper rutrum nulla nunc purus phasellus in felis donec semper sapien a', 17.53, 96, '2019-01-01 00:00:00.000000', '2023-04-10 06:23:16.106995', 4, 1, 2, 0),
(26, 'Tendrils - Baby Pea, Organic', '-', 'lacus at velit vivamus vel nulla eget eros elementum pellentesque quisque porta volutpat erat', 18.18, 0, '2019-01-01 00:00:00.000000', '2023-04-10 06:22:15.899557', 2, 2, 2, 0),
(27, 'Sugar - Brown', '-', 'lobortis sapien sapien non mi integer ac neque duis bibendum morbi non quam nec dui', 65.01, 84, '2019-01-01 00:00:00.000000', '2023-05-20 04:18:53.754230', 5, 1, 2, 0),
(28, 'Oil - Pumpkinseed', '-', 'cursus vestibulum proin eu mi nulla ac enim in tempor turpis nec euismod scelerisque quam turpis', 86.27, 90, '2019-01-01 00:00:00.000000', '2023-04-10 06:23:45.718954', 5, 2, 2, 0),
(29, 'Beef - Tongue, Cooked', '-', 'sapien urna pretium nisl ut volutpat sapien arcu sed augue aliquam erat volutpat in congue etiam justo', 73.48, 82, '2019-01-01 00:00:00.000000', '2023-04-10 06:24:56.135024', 7, 1, 2, 0),
(30, 'Goat - Leg', '-', 'vehicula condimentum curabitur in libero ut massa volutpat convallis morbi odio odio elementum eu interdum eu tincidunt in', 83.98, 66, '2019-01-01 00:00:00.000000', '2023-04-10 06:23:16.458741', 4, 2, 2, 0),
(31, 'Orange Roughy 4/6 Oz', '-', 'id sapien in sapien iaculis congue vivamus metus arcu adipiscing molestie', 99.48, 79, '2019-01-01 00:00:00.000000', '2023-05-20 04:25:40.726880', 5, 1, 2, 0),
(32, 'Lemons', '-', 'et ultrices posuere cubilia curae donec pharetra magna vestibulum aliquet ultrices erat tortor sollicitudin mi sit', 29.08, 83, '2019-01-01 00:00:00.000000', '2023-04-10 06:23:46.502358', 5, 2, 2, 0),
(33, 'Turnip - Mini', '-', 'id ornare imperdiet sapien urna pretium nisl ut volutpat sapien arcu sed augue aliquam erat', 13.93, 8, '2019-01-01 00:00:00.000000', '2023-04-10 06:24:56.381967', 7, 1, 2, 0),
(34, 'Hinge W Undercut', '-', 'in quis justo maecenas rhoncus aliquam lacus morbi quis tortor id nulla ultrices', 20.24, 45, '2019-01-01 00:00:00.000000', '2023-04-10 06:22:16.715153', 2, 2, 2, 0),
(35, 'Cheese - Mozzarella', '-', 'nam ultrices libero non mattis pulvinar nulla pede ullamcorper augue a suscipit nulla', 34.71, 76, '2019-01-01 00:00:00.000000', '2023-04-10 06:22:17.142731', 2, 1, 2, 0),
(36, 'Basil - Fresh', '-', 'pede libero quis orci nullam molestie nibh in lectus pellentesque at nulla suspendisse potenti cras in purus eu', 11.80, 2, '2019-01-01 00:00:00.000000', '2023-04-10 06:23:16.858796', 4, 2, 2, 0),
(37, 'Pastry - Choclate Baked', '-', 'rutrum at lorem integer tincidunt ante vel ipsum praesent blandit lacinia erat vestibulum sed magna at', 61.87, 12, '2019-01-01 00:00:00.000000', '2023-04-10 06:22:17.673753', 2, 1, 2, 0),
(38, 'Vol Au Vents', '-', 'non mauris morbi non lectus aliquam sit amet diam in', 81.78, 98, '2019-01-01 00:00:00.000000', '2023-04-10 06:23:47.949936', 5, 2, 2, 0),
(39, 'Tomatoes - Roma', '-', 'turpis a pede posuere nonummy integer non velit donec diam neque vestibulum eget vulputate ut ultrices vel augue vestibulum', 29.81, 61, '2019-01-01 00:00:00.000000', '2023-04-10 06:23:17.615162', 4, 1, 2, 0),
(40, 'Bread - Hamburger Buns', '-', 'vel nulla eget eros elementum pellentesque quisque porta volutpat erat quisque erat eros viverra eget congue eget', 51.39, 8, '2019-01-01 00:00:00.000000', '2023-04-10 06:23:48.692823', 5, 2, 2, 0),
(41, 'Cheese - Cambozola', '-', 'vitae quam suspendisse potenti nullam porttitor lacus at turpis donec posuere metus vitae ipsum aliquam non mauris morbi non', 64.20, 54, '2019-01-01 00:00:00.000000', '2023-04-10 06:22:18.657664', 2, 1, 2, 0),
(42, 'Cup - 4oz Translucent', '-', 'mattis odio donec vitae nisi nam ultrices libero non mattis pulvinar nulla pede ullamcorper augue a', 71.97, 52, '2019-01-01 00:00:00.000000', '2023-04-10 06:23:48.955801', 5, 2, 2, 0),
(43, 'Macaroons - Two Bite Choc', '-', 'tincidunt in leo maecenas pulvinar lobortis est phasellus sit amet erat nulla tempus vivamus in felis eu sapien', 14.87, 38, '2019-01-01 00:00:00.000000', '2023-04-10 06:24:57.280945', 7, 1, 2, 0),
(44, 'Vinegar - Raspberry', '-', 'platea dictumst maecenas ut massa quis augue luctus tincidunt nulla mollis molestie', 52.43, 88, '2019-01-01 00:00:00.000000', '2023-04-10 06:24:57.604455', 7, 2, 2, 0),
(45, 'Cake - Night And Day Choclate', '-', 'magna vestibulum aliquet ultrices erat tortor sollicitudin mi sit amet lobortis sapien sapien non mi integer', 84.60, 93, '2019-01-01 00:00:00.000000', '2023-04-10 06:22:19.817688', 2, 1, 2, 0),
(46, 'Wine - Domaine Boyar Royal', '-', 'ut volutpat sapien arcu sed augue aliquam erat volutpat in congue etiam justo etiam', 39.61, 92, '2019-01-01 00:00:00.000000', '2023-04-10 06:24:57.816401', 7, 2, 2, 0),
(47, 'Sword Pick Asst', '-', 'nibh in hac habitasse platea dictumst aliquam augue quam sollicitudin vitae consectetuer eget rutrum at lorem integer', 75.08, 15, '2019-01-01 00:00:00.000000', '2023-04-10 06:22:20.217575', 2, 1, 2, 0),
(48, 'Sage - Ground', '-', 'ligula suspendisse ornare consequat lectus in est risus auctor sed tristique in tempus sit amet sem fusce consequat nulla nisl', 16.75, 94, '2019-01-01 00:00:00.000000', '2023-04-10 06:24:58.237989', 7, 2, 2, 0),
(49, 'Muffin Mix - Chocolate Chip', '-', 'ullamcorper purus sit amet nulla quisque arcu libero rutrum ac lobortis vel', 93.49, 16, '2019-01-01 00:00:00.000000', '2023-04-10 06:22:20.810805', 2, 1, 2, 0),
(50, 'Tia Maria', '-', 'morbi a ipsum integer a nibh in quis justo maecenas rhoncus aliquam', 69.22, 14, '2019-01-01 00:00:00.000000', '2023-04-10 06:23:17.745700', 4, 2, 2, 0),
(51, 'Apple - Fuji', '-', 'in lectus pellentesque at nulla suspendisse potenti cras in purus eu magna vulputate luctus cum sociis natoque penatibus', 20.42, 94, '2019-01-01 00:00:00.000000', '2023-04-10 06:22:21.234143', 2, 1, 2, 0),
(52, 'Veal - Tenderloin, Untrimmed', '-', 'cubilia curae donec pharetra magna vestibulum aliquet ultrices erat tortor sollicitudin mi sit amet lobortis sapien', 89.46, 44, '2019-01-01 00:00:00.000000', '2023-04-10 06:23:18.272953', 4, 2, 2, 0),
(53, 'Mushroom - Crimini', '-', 'ut massa quis augue luctus tincidunt nulla mollis molestie lorem quisque ut erat curabitur', 42.13, 58, '2019-01-01 00:00:00.000000', '2023-04-10 06:22:21.693807', 2, 1, 2, 0),
(54, 'Parsley Italian - Fresh', '-', 'rhoncus mauris enim leo rhoncus sed vestibulum sit amet cursus id turpis', 85.92, 93, '2019-01-01 00:00:00.000000', '2023-04-10 06:22:21.960971', 2, 2, 2, 0),
(55, 'Tart - Pecan Butter Squares', '-', 'in porttitor pede justo eu massa donec dapibus duis at velit eu est congue elementum in hac habitasse platea dictumst', 91.98, 43, '2019-01-01 00:00:00.000000', '2023-04-10 06:23:18.766210', 4, 1, 2, 0),
(56, 'Vinegar - Tarragon', '-', 'orci vehicula condimentum curabitur in libero ut massa volutpat convallis morbi odio odio elementum eu interdum', 7.30, 60, '2019-01-01 00:00:00.000000', '2023-04-10 06:23:49.253069', 5, 2, 2, 0),
(57, 'Beef - Tender Tips', '-', 'nullam molestie nibh in lectus pellentesque at nulla suspendisse potenti cras in purus eu magna vulputate luctus cum', 8.83, 5, '2019-01-01 00:00:00.000000', '2023-04-10 06:22:24.498213', 2, 1, 2, 0),
(58, 'Chicken - Whole Roasting', '-', 'id lobortis convallis tortor risus dapibus augue vel accumsan tellus nisi eu orci', 47.43, 11, '2019-01-01 00:00:00.000000', '2023-04-10 06:22:25.030096', 2, 2, 2, 0),
(59, 'Water - Tonic', '-', 'sit amet eleifend pede libero quis orci nullam molestie nibh', 36.84, 13, '2019-01-01 00:00:00.000000', '2023-04-10 06:24:58.675612', 7, 1, 2, 0),
(60, 'Shrimp - Tiger 21/25', '-', 'nibh in hac habitasse platea dictumst aliquam augue quam sollicitudin vitae consectetuer eget rutrum at lorem integer', 64.38, 100, '2019-01-01 00:00:00.000000', '2023-04-10 06:23:19.214426', 4, 2, 2, 0),
(61, 'Hagen Daza - Dk Choocolate', '-', 'sit amet sapien dignissim vestibulum vestibulum ante ipsum primis in faucibus orci luctus et ultrices posuere', 37.63, 43, '2019-01-01 00:00:00.000000', '2023-04-10 06:25:31.365132', 8, 1, 2, 0),
(62, 'Grenadillo', '-', 'lorem ipsum dolor sit amet consectetuer adipiscing elit proin risus praesent lectus vestibulum quam sapien varius', 14.57, 34, '2019-01-01 00:00:00.000000', '2023-04-10 06:25:31.766830', 8, 2, 2, 0),
(63, 'Coffee - 10oz Cup 92961', '-', 'quam fringilla rhoncus mauris enim leo rhoncus sed vestibulum sit amet', 26.36, 34, '2019-01-01 00:00:00.000000', '2023-04-10 06:23:49.769122', 5, 1, 2, 0),
(64, 'Seabream Whole Farmed', '-', 'interdum eu tincidunt in leo maecenas pulvinar lobortis est phasellus sit amet erat nulla tempus vivamus in felis', 59.91, 32, '2019-01-01 00:00:00.000000', '2023-04-10 06:23:50.166167', 5, 2, 2, 0),
(65, 'Coconut Milk - Unsweetened', '-', 'felis eu sapien cursus vestibulum proin eu mi nulla ac enim in tempor turpis nec euismod scelerisque', 79.79, 12, '2019-01-01 00:00:00.000000', '2023-04-10 06:23:20.397630', 4, 1, 2, 0),
(66, 'Soap - Mr.clean Floor Soap', '-', 'consectetuer eget rutrum at lorem integer tincidunt ante vel ipsum praesent blandit lacinia erat vestibulum', 38.03, 31, '2019-01-01 00:00:00.000000', '2023-04-10 06:23:50.545984', 5, 2, 2, 0),
(67, 'Cheese - Cambozola', '-', 'tincidunt ante vel ipsum praesent blandit lacinia erat vestibulum sed magna at nunc', 19.49, 33, '2019-01-01 00:00:00.000000', '2023-04-10 06:23:51.161610', 5, 1, 2, 0),
(68, 'Soup Campbells Mexicali Tortilla', '-', 'pulvinar sed nisl nunc rhoncus dui vel sem sed sagittis nam congue risus semper porta volutpat', 93.16, 7, '2019-01-01 00:00:00.000000', '2023-04-10 06:23:51.779532', 5, 2, 2, 0),
(69, 'Apron', '-', 'amet eleifend pede libero quis orci nullam molestie nibh in lectus pellentesque at nulla suspendisse', 4.66, 6, '2019-01-01 00:00:00.000000', '2023-04-10 06:23:21.022606', 4, 1, 2, 0),
(70, 'Wine - Penfolds Koonuga Hill', '-', 'aenean auctor gravida sem praesent id massa id nisl venenatis lacinia aenean sit amet justo morbi ut', 1.27, 15, '2019-01-01 00:00:00.000000', '2023-04-10 06:22:25.826064', 2, 2, 2, 0),
(71, 'Milk - Chocolate 250 Ml', '-', 'gravida sem praesent id massa id nisl venenatis lacinia aenean sit amet justo morbi ut odio cras', 1.88, 25, '2019-01-01 00:00:00.000000', '2023-04-10 06:23:52.105684', 5, 1, 2, 0),
(72, 'Beer - Paulaner Hefeweisse', '-', 'lobortis convallis tortor risus dapibus augue vel accumsan tellus nisi eu orci', 36.96, 43, '2019-01-01 00:00:00.000000', '2023-04-10 06:23:21.632783', 4, 2, 2, 0),
(73, 'Chocolate - Feathers', '-', 'ante ipsum primis in faucibus orci luctus et ultrices posuere cubilia curae mauris', 65.35, 50, '2019-01-01 00:00:00.000000', '2023-04-10 06:23:21.916108', 4, 1, 2, 0),
(74, 'Club Soda - Schweppes, 355 Ml', '-', 'duis bibendum felis sed interdum venenatis turpis enim blandit mi in porttitor pede justo eu massa donec dapibus duis at', 90.39, 72, '2019-01-01 00:00:00.000000', '2023-04-10 06:22:26.276984', 2, 2, 2, 0),
(75, 'Corn Kernels - Frozen', '-', 'odio cras mi pede malesuada in imperdiet et commodo vulputate justo in blandit ultrices enim lorem ipsum', 98.61, 53, '2019-01-01 00:00:00.000000', '2023-04-10 06:23:22.606908', 4, 1, 2, 0),
(76, 'Cheese Cloth No 60', '-', 'posuere metus vitae ipsum aliquam non mauris morbi non lectus aliquam sit amet', 66.25, 72, '2019-01-01 00:00:00.000000', '2023-04-10 06:22:26.755633', 2, 2, 2, 0),
(77, 'Chips - Assorted', '-', 'nascetur ridiculus mus vivamus vestibulum sagittis sapien cum sociis natoque penatibus et magnis dis parturient montes nascetur ridiculus mus', 86.36, 93, '2019-01-01 00:00:00.000000', '2023-04-10 06:22:27.536755', 2, 1, 2, 0),
(78, 'Bagelers', '-', 'eget eleifend luctus ultricies eu nibh quisque id justo sit amet sapien dignissim', 82.37, 39, '2019-01-01 00:00:00.000000', '2023-04-10 06:23:23.021057', 4, 2, 2, 0),
(79, 'Corn - Cream, Canned', '-', 'in consequat ut nulla sed accumsan felis ut at dolor quis odio consequat varius integer ac leo pellentesque', 85.46, 24, '2019-01-01 00:00:00.000000', '2023-04-10 06:22:28.308604', 2, 1, 2, 0),
(80, 'Bread - Raisin', '-', 'donec diam neque vestibulum eget vulputate ut ultrices vel augue vestibulum ante ipsum primis', 8.70, 70, '2019-01-01 00:00:00.000000', '2023-04-10 06:23:23.643729', 4, 2, 2, 0),
(81, 'Soup - Campbells', '-', 'turpis integer aliquet massa id lobortis convallis tortor risus dapibus augue vel accumsan tellus nisi eu orci', 8.13, 29, '2019-01-01 00:00:00.000000', '2023-04-10 06:23:52.730875', 5, 1, 2, 0),
(82, 'Ecolab - Hobart Washarm End Cap', '-', 'placerat praesent blandit nam nulla integer pede justo lacinia eget tincidunt', 83.36, 67, '2019-01-01 00:00:00.000000', '2023-04-10 06:23:53.453690', 5, 2, 2, 0),
(83, 'Asparagus - White, Canned', '-', 'in porttitor pede justo eu massa donec dapibus duis at velit eu est congue elementum in hac habitasse platea dictumst', 71.01, 17, '2019-01-01 00:00:00.000000', '2023-04-10 06:22:28.748184', 2, 1, 2, 0),
(84, 'Muffin Mix - Lemon Cranberry', '-', 'ipsum praesent blandit lacinia erat vestibulum sed magna at nunc commodo placerat praesent blandit nam nulla integer pede justo', 47.63, 11, '2019-01-01 00:00:00.000000', '2023-04-10 06:25:32.151520', 8, 2, 2, 0),
(85, 'Shrimp - 16/20, Peeled Deviened', '-', 'parturient montes nascetur ridiculus mus etiam vel augue vestibulum rutrum rutrum neque aenean auctor', 1.08, 58, '2019-01-01 00:00:00.000000', '2023-04-10 06:23:53.754602', 5, 1, 2, 0),
(86, 'Soda Water - Club Soda, 355 Ml', '-', 'faucibus accumsan odio curabitur convallis duis consequat dui nec nisi volutpat eleifend donec ut dolor morbi vel lectus', 90.06, 88, '2019-01-01 00:00:00.000000', '2023-04-10 06:22:28.908621', 2, 2, 2, 0),
(87, 'Napkin White - Starched', '-', 'quam nec dui luctus rutrum nulla tellus in sagittis dui', 30.95, 52, '2019-01-01 00:00:00.000000', '2023-04-10 06:23:54.252307', 5, 1, 2, 0),
(88, 'Beer - Steamwhistle', '-', 'nulla justo aliquam quis turpis eget elit sodales scelerisque mauris sit amet', 11.89, 59, '2019-01-01 00:00:00.000000', '2023-04-10 06:22:29.178136', 2, 2, 2, 0),
(89, 'Pail For Lid 1537', '-', 'in ante vestibulum ante ipsum primis in faucibus orci luctus et ultrices', 35.85, 92, '2019-01-01 00:00:00.000000', '2023-04-10 06:25:33.940731', 8, 1, 2, 0),
(90, 'Chinese Foods - Chicken Wing', '-', 'purus eu magna vulputate luctus cum sociis natoque penatibus et magnis dis parturient montes nascetur ridiculus mus', 28.87, 48, '2019-01-01 00:00:00.000000', '2023-04-10 06:22:30.109535', 2, 2, 2, 0),
(91, 'Spice - Montreal Steak Spice', '-', 'donec dapibus duis at velit eu est congue elementum in', 35.71, 32, '2019-01-01 00:00:00.000000', '2023-04-10 06:23:54.628687', 5, 1, 2, 0),
(92, 'Juice - Grapefruit, 341 Ml', '-', 'vestibulum proin eu mi nulla ac enim in tempor turpis nec', 33.37, 26, '2019-01-01 00:00:00.000000', '2023-04-10 06:23:55.068424', 5, 2, 2, 0),
(93, 'Wine - Wyndham Estate Bin 777', '-', 'pede morbi porttitor lorem id ligula suspendisse ornare consequat lectus in est risus auctor sed tristique in tempus', 3.34, 87, '2019-01-01 00:00:00.000000', '2023-04-10 06:23:55.241968', 5, 1, 2, 0),
(94, 'Water - Mineral, Natural', '-', 'pretium quis lectus suspendisse potenti in eleifend quam a odio in hac', 61.59, 71, '2019-01-01 00:00:00.000000', '2023-04-10 06:23:55.946342', 5, 2, 2, 0),
(95, 'Chicken - Leg, Boneless', '-', 'eget semper rutrum nulla nunc purus phasellus in felis donec semper sapien a libero nam dui proin', 84.83, 15, '2019-01-01 00:00:00.000000', '2023-04-10 06:22:31.025854', 2, 1, 2, 0),
(96, 'Sunflower Seed Raw', '-', 'volutpat dui maecenas tristique est et tempus semper est quam pharetra magna ac consequat', 28.16, 2, '2019-01-01 00:00:00.000000', '2023-04-10 06:22:31.359392', 2, 2, 2, 0),
(97, 'Energy Drink Bawls', '-', 'risus praesent lectus vestibulum quam sapien varius ut blandit non', 87.65, 31, '2019-01-01 00:00:00.000000', '2023-04-10 06:25:34.190688', 8, 1, 2, 0),
(98, 'Tarragon - Primerba, Paste', '-', 'non quam nec dui luctus rutrum nulla tellus in sagittis', 20.87, 38, '2019-01-01 00:00:00.000000', '2023-04-10 06:22:31.927221', 2, 2, 2, 0),
(99, 'Table Cloth 62x120 Colour', '-', 'et ultrices posuere cubilia curae duis faucibus accumsan odio curabitur convallis', 27.91, 96, '2019-01-01 00:00:00.000000', '2023-04-10 06:22:32.344457', 2, 1, 2, 0),
(100, 'Lamb - Loin Chops', '-', 'praesent id massa id nisl venenatis lacinia aenean sit amet justo', 87.47, 40, '2019-01-01 00:00:00.000000', '2023-04-10 06:22:33.021506', 2, 2, 2, 0),
(101, 'Sherry - Dry', '-', 'morbi ut odio cras mi pede malesuada in imperdiet et commodo vulputate justo in blandit', 70.52, 32, '2019-01-01 00:00:00.000000', '2023-04-10 06:25:34.369376', 8, 1, 2, 0),
(102, 'Chickensplit Half', '-', 'congue diam id ornare imperdiet sapien urna pretium nisl ut volutpat sapien arcu sed augue aliquam erat volutpat in congue', 93.81, 66, '2019-01-01 00:00:00.000000', '2023-04-10 06:23:24.241341', 4, 2, 2, 0),
(103, 'Tea - Orange Pekoe', '-', 'vel enim sit amet nunc viverra dapibus nulla suscipit ligula in lacus', 12.71, 77, '2019-01-01 00:00:00.000000', '2023-04-10 06:22:33.591017', 2, 1, 2, 0),
(104, 'Sauce - Caesar Dressing', '-', 'orci luctus et ultrices posuere cubilia curae donec pharetra magna vestibulum aliquet ultrices erat tortor sollicitudin mi sit amet lobortis', 98.89, 62, '2019-01-01 00:00:00.000000', '2023-04-10 06:22:34.375147', 2, 2, 2, 0),
(105, 'Rice - Brown', '-', 'lacus morbi quis tortor id nulla ultrices aliquet maecenas leo odio condimentum id luctus nec molestie sed justo pellentesque viverra', 83.88, 24, '2019-01-01 00:00:00.000000', '2023-05-31 02:12:23.566442', 8, 1, 2, 0),
(106, 'Soup - Knorr, Ministrone', '-', 'rutrum rutrum neque aenean auctor gravida sem praesent id massa id nisl venenatis lacinia', 4.88, 22, '2019-01-01 00:00:00.000000', '2023-04-10 06:23:56.670718', 5, 2, 2, 0),
(107, 'Wine - Cotes Du Rhone Parallele', '-', 'risus dapibus augue vel accumsan tellus nisi eu orci mauris lacinia sapien quis libero nullam', 13.89, 10, '2019-01-01 00:00:00.000000', '2023-04-10 06:22:34.752234', 2, 1, 2, 0),
(108, 'Chips Potato All Dressed - 43g', '-', 'faucibus accumsan odio curabitur convallis duis consequat dui nec nisi', 35.65, 13, '2019-01-01 00:00:00.000000', '2023-04-10 06:22:35.262112', 2, 2, 2, 0),
(109, 'Sugar - Crumb', '-', 'aliquet at feugiat non pretium quis lectus suspendisse potenti in eleifend quam a odio in hac habitasse platea', 5.07, 95, '2019-01-01 00:00:00.000000', '2023-04-10 06:22:35.878139', 2, 1, 2, 0),
(110, 'Ice Cream - Strawberry', '-', 'posuere felis sed lacus morbi sem mauris laoreet ut rhoncus aliquet pulvinar sed nisl nunc rhoncus dui vel', 22.63, 7, '2019-01-01 00:00:00.000000', '2023-04-10 06:23:24.653740', 4, 2, 2, 0),
(111, 'Paper Cocktail Umberlla 80 - 180', '-', 'sit amet justo morbi ut odio cras mi pede malesuada in imperdiet et commodo vulputate', 94.11, 94, '2019-01-01 00:00:00.000000', '2023-04-10 06:22:36.454764', 2, 1, 2, 0),
(112, 'Salmon - Canned', '-', 'est quam pharetra magna ac consequat metus sapien ut nunc vestibulum ante ipsum primis in faucibus orci luctus et', 80.67, 59, '2019-01-01 00:00:00.000000', '2023-04-10 06:25:35.899840', 8, 2, 2, 0),
(113, 'Seedlings - Buckwheat, Organic', '-', 'vulputate ut ultrices vel augue vestibulum ante ipsum primis in faucibus', 44.29, 80, '2019-01-01 00:00:00.000000', '2023-04-10 06:23:57.395821', 5, 1, 2, 0),
(114, 'Cheese - Brie, Triple Creme', '-', 'sed magna at nunc commodo placerat praesent blandit nam nulla integer pede justo lacinia eget tincidunt eget tempus', 46.60, 66, '2019-01-01 00:00:00.000000', '2023-04-10 06:22:37.138934', 2, 2, 2, 0),
(115, 'Phyllo Dough', '-', 'risus dapibus augue vel accumsan tellus nisi eu orci mauris lacinia sapien quis libero nullam sit amet turpis elementum ligula', 35.53, 45, '2019-01-01 00:00:00.000000', '2023-04-10 06:22:37.614238', 2, 1, 2, 0),
(116, 'Pastry - Banana Muffin - Mini', '-', 'vivamus tortor duis mattis egestas metus aenean fermentum donec ut mauris eget massa', 85.57, 59, '2019-01-01 00:00:00.000000', '2023-04-10 06:23:24.762023', 4, 2, 2, 0),
(117, 'Jameson - Irish Whiskey', '-', 'non mattis pulvinar nulla pede ullamcorper augue a suscipit nulla elit ac nulla sed vel', 65.52, 97, '2019-01-01 00:00:00.000000', '2023-04-10 06:22:37.959865', 2, 1, 2, 0),
(118, 'Praline Paste', '-', 'in sapien iaculis congue vivamus metus arcu adipiscing molestie hendrerit at vulputate vitae nisl aenean lectus pellentesque eget nunc donec', 57.27, 3, '2019-01-01 00:00:00.000000', '2023-04-10 06:22:38.187171', 2, 2, 2, 0),
(119, 'Flour - Fast / Rapid', '-', 'suspendisse potenti nullam porttitor lacus at turpis donec posuere metus vitae', 77.83, 79, '2019-01-01 00:00:00.000000', '2023-04-10 06:23:57.871208', 5, 1, 2, 0),
(120, 'Sausage - Meat', '-', 'enim in tempor turpis nec euismod scelerisque quam turpis adipiscing lorem', 49.77, 44, '2019-01-01 00:00:00.000000', '2023-04-10 06:25:36.389638', 8, 2, 2, 0),
(121, 'Wine - Vovray Sec Domaine Huet', '-', 'tristique fusce congue diam id ornare imperdiet sapien urna pretium nisl ut', 2.20, 84, '2019-01-01 00:00:00.000000', '2023-04-10 06:23:24.982781', 4, 1, 2, 0),
(122, 'Ecolab - Hand Soap Form Antibac', '-', 'amet eros suspendisse accumsan tortor quis turpis sed ante vivamus tortor duis mattis egestas metus aenean fermentum donec ut', 44.58, 96, '2019-01-01 00:00:00.000000', '2023-04-10 06:23:25.673778', 4, 2, 2, 0),
(123, 'Melon - Honey Dew', '-', 'quam pede lobortis ligula sit amet eleifend pede libero quis orci nullam molestie nibh in lectus pellentesque at nulla suspendisse', 57.94, 55, '2019-01-01 00:00:00.000000', '2023-04-10 06:23:26.432216', 4, 1, 2, 0),
(124, 'Dill - Primerba, Paste', '-', 'ac neque duis bibendum morbi non quam nec dui luctus rutrum nulla tellus in sagittis dui vel nisl', 97.81, 72, '2019-01-01 00:00:00.000000', '2023-04-10 06:25:36.746058', 8, 2, 2, 0),
(125, 'Pork - Ham, Virginia', '-', 'sapien in sapien iaculis congue vivamus metus arcu adipiscing molestie hendrerit at vulputate vitae nisl aenean lectus', 97.58, 74, '2019-01-01 00:00:00.000000', '2023-04-10 06:22:38.393476', 2, 1, 2, 0),
(126, 'Pasta - Cannelloni, Sheets, Fresh', '-', 'mauris morbi non lectus aliquam sit amet diam in magna bibendum imperdiet nullam orci pede venenatis', 86.27, 5, '2019-01-01 00:00:00.000000', '2023-04-10 06:22:38.769523', 2, 2, 2, 0),
(127, 'Apple - Macintosh', '-', 'volutpat in congue etiam justo etiam pretium iaculis justo in hac habitasse platea dictumst etiam faucibus', 19.96, 45, '2019-01-01 00:00:00.000000', '2023-04-10 06:25:37.088785', 8, 1, 2, 0),
(128, 'Vodka - Moskovskaya', '-', 'ac tellus semper interdum mauris ullamcorper purus sit amet nulla quisque arcu libero rutrum ac lobortis', 43.45, 74, '2019-01-01 00:00:00.000000', '2023-04-10 06:25:37.603360', 8, 2, 2, 0),
(129, 'Curry Powder', '-', 'vitae consectetuer eget rutrum at lorem integer tincidunt ante vel ipsum', 32.31, 42, '2019-01-01 00:00:00.000000', '2023-04-10 06:23:26.948081', 4, 1, 2, 0),
(130, 'Sauce - Vodka Blush', '-', 'a suscipit nulla elit ac nulla sed vel enim sit amet nunc viverra dapibus', 53.31, 27, '2019-01-01 00:00:00.000000', '2023-04-10 06:25:38.551163', 8, 2, 2, 0),
(131, 'Venison - Ground', '-', 'vel nisl duis ac nibh fusce lacus purus aliquet at feugiat non pretium quis lectus suspendisse potenti in', 15.76, 26, '2019-01-01 00:00:00.000000', '2023-04-10 06:23:27.485255', 4, 1, 2, 0),
(132, 'Doilies - 8, Paper', '-', 'maecenas tincidunt lacus at velit vivamus vel nulla eget eros elementum pellentesque quisque porta volutpat erat quisque erat eros', 46.59, 79, '2019-01-01 00:00:00.000000', '2023-04-10 06:25:38.869335', 8, 2, 2, 0),
(133, 'Vaccum Bag - 14x20', '-', 'vestibulum proin eu mi nulla ac enim in tempor turpis nec euismod scelerisque quam turpis adipiscing lorem vitae', 57.26, 15, '2019-01-01 00:00:00.000000', '2023-04-10 06:25:39.197382', 8, 1, 2, 0),
(134, 'Gherkin', '-', 'nunc vestibulum ante ipsum primis in faucibus orci luctus et ultrices posuere', 8.68, 94, '2019-01-01 00:00:00.000000', '2023-04-10 06:22:39.337084', 2, 2, 2, 0),
(135, 'Water - Mineral, Natural', '-', 'morbi odio odio elementum eu interdum eu tincidunt in leo', 58.27, 17, '2019-01-01 00:00:00.000000', '2023-04-10 06:22:40.305290', 2, 1, 2, 0),
(136, 'Ecolab - Solid Fusion', '-', 'magna at nunc commodo placerat praesent blandit nam nulla integer', 94.84, 71, '2019-01-01 00:00:00.000000', '2023-04-10 06:23:58.493553', 5, 2, 2, 0),
(137, 'Bar - Sweet And Salty Chocolate', '-', 'erat volutpat in congue etiam justo etiam pretium iaculis justo in hac habitasse platea dictumst etiam faucibus cursus', 50.15, 46, '2019-01-01 00:00:00.000000', '2023-04-10 06:22:40.635041', 2, 1, 2, 0),
(138, 'Spice - Peppercorn Melange', '-', 'dapibus augue vel accumsan tellus nisi eu orci mauris lacinia', 86.52, 58, '2019-01-01 00:00:00.000000', '2023-04-10 06:23:27.799534', 4, 2, 2, 0),
(139, 'Chicken Breast Wing On', '-', 'fusce posuere felis sed lacus morbi sem mauris laoreet ut rhoncus aliquet', 42.81, 31, '2019-01-01 00:00:00.000000', '2023-04-10 06:23:58.729231', 5, 1, 2, 0),
(140, 'Sauce - Roasted Red Pepper', '-', 'pretium nisl ut volutpat sapien arcu sed augue aliquam erat volutpat in congue etiam justo etiam pretium', 39.14, 35, '2019-01-01 00:00:00.000000', '2023-04-10 06:23:59.026758', 5, 2, 2, 0),
(141, 'Mackerel Whole Fresh', '-', 'at nibh in hac habitasse platea dictumst aliquam augue quam sollicitudin vitae consectetuer eget rutrum at lorem integer tincidunt ante', 24.36, 98, '2019-01-01 00:00:00.000000', '2023-04-10 06:22:41.170811', 2, 1, 2, 0),
(142, 'Glass Clear 8 Oz', '-', 'in lacus curabitur at ipsum ac tellus semper interdum mauris ullamcorper purus sit amet nulla quisque arcu', 4.34, 97, '2019-01-01 00:00:00.000000', '2023-04-10 06:25:40.578236', 8, 2, 2, 0),
(143, 'Soup - Campbells, Spinach Crm', '-', 'diam id ornare imperdiet sapien urna pretium nisl ut volutpat sapien arcu sed augue aliquam erat volutpat', 15.47, 18, '2019-01-01 00:00:00.000000', '2023-04-10 06:22:42.072117', 2, 1, 2, 0),
(144, 'Pork Salted Bellies', '-', 'morbi a ipsum integer a nibh in quis justo maecenas rhoncus', 61.50, 50, '2019-01-01 00:00:00.000000', '2023-04-10 06:25:40.755624', 8, 2, 2, 0),
(145, 'Juice - Pineapple, 48 Oz', '-', 'accumsan odio curabitur convallis duis consequat dui nec nisi volutpat eleifend donec ut dolor morbi vel lectus in', 73.24, 31, '2019-01-01 00:00:00.000000', '2023-04-10 06:23:28.220596', 4, 1, 2, 0),
(146, 'Cheese - Comtomme', '-', 'fermentum justo nec condimentum neque sapien placerat ante nulla justo', 20.58, 65, '2019-01-01 00:00:00.000000', '2023-04-10 06:25:41.184109', 8, 2, 2, 0),
(147, 'Cookie Dough - Peanut Butter', '-', 'consequat nulla nisl nunc nisl duis bibendum felis sed interdum', 49.25, 71, '2019-01-01 00:00:00.000000', '2023-04-10 06:23:59.355416', 5, 1, 2, 0),
(148, 'Paste - Black Olive', '-', 'sit amet justo morbi ut odio cras mi pede malesuada', 55.51, 49, '2019-01-01 00:00:00.000000', '2023-04-10 06:22:42.510848', 2, 2, 2, 0),
(149, 'Lettuce - Treviso', '-', 'malesuada in imperdiet et commodo vulputate justo in blandit ultrices enim lorem ipsum dolor', 56.29, 92, '2019-01-01 00:00:00.000000', '2023-04-10 06:22:42.813599', 2, 1, 2, 0),
(150, 'Tea - Lemon Green Tea', '-', 'commodo placerat praesent blandit nam nulla integer pede justo lacinia eget tincidunt eget tempus vel pede morbi porttitor lorem id', 70.09, 10, '2019-01-01 00:00:00.000000', '2023-04-10 06:22:43.175260', 2, 2, 2, 0),
(151, 'Lettuce - Curly Endive', '-', 'maecenas pulvinar lobortis est phasellus sit amet erat nulla tempus vivamus in felis eu sapien', 60.41, 27, '2019-01-01 00:00:00.000000', '2023-04-10 06:23:59.887207', 5, 1, 2, 0),
(152, 'Vinegar - Balsamic', '-', 'eget elit sodales scelerisque mauris sit amet eros suspendisse accumsan tortor quis', 8.40, 15, '2019-01-01 00:00:00.000000', '2023-04-10 06:25:41.452201', 8, 2, 2, 0),
(153, 'Cheese - Brie Roitelet', '-', 'in purus eu magna vulputate luctus cum sociis natoque penatibus et magnis dis parturient montes nascetur ridiculus', 80.45, 69, '2019-01-01 00:00:00.000000', '2023-04-10 06:23:28.639489', 4, 1, 2, 0),
(154, 'Tomatoes - Diced, Canned', '-', 'justo in hac habitasse platea dictumst etiam faucibus cursus urna ut tellus nulla ut erat id mauris vulputate elementum', 47.43, 41, '2019-01-01 00:00:00.000000', '2023-04-10 06:23:28.864375', 4, 2, 2, 0),
(155, 'Muffin Mix - Morning Glory', '-', 'tellus semper interdum mauris ullamcorper purus sit amet nulla quisque arcu libero rutrum ac lobortis', 62.77, 56, '2019-01-01 00:00:00.000000', '2023-04-10 06:22:43.595068', 2, 1, 2, 0),
(156, 'Yogurt - Cherry, 175 Gr', '-', 'mi integer ac neque duis bibendum morbi non quam nec dui luctus rutrum nulla tellus in', 27.78, 86, '2019-01-01 00:00:00.000000', '2023-04-10 06:25:41.935664', 8, 2, 2, 0),
(157, 'Food Colouring - Green', '-', 'dignissim vestibulum vestibulum ante ipsum primis in faucibus orci luctus et ultrices posuere cubilia curae nulla dapibus', 69.86, 29, '2019-01-01 00:00:00.000000', '2023-04-10 06:23:29.600214', 4, 1, 2, 0),
(158, 'Eel Fresh', '-', 'primis in faucibus orci luctus et ultrices posuere cubilia curae nulla dapibus', 40.25, 28, '2019-01-01 00:00:00.000000', '2023-04-10 06:24:00.632889', 5, 2, 2, 0),
(159, 'Lemonade - Strawberry, 591 Ml', '-', 'justo in hac habitasse platea dictumst etiam faucibus cursus urna', 7.04, 7, '2019-01-01 00:00:00.000000', '2023-04-10 06:25:42.299712', 8, 1, 2, 0),
(160, 'Cod - Salted, Boneless', '-', 'magnis dis parturient montes nascetur ridiculus mus vivamus vestibulum sagittis sapien', 37.31, 91, '2019-01-01 00:00:00.000000', '2023-04-10 06:23:29.865478', 4, 2, 2, 0),
(161, 'Jam - Strawberry, 20 Ml Jar', '-', 'elementum nullam varius nulla facilisi cras non velit nec nisi vulputate nonummy', 25.74, 10, '2019-01-01 00:00:00.000000', '2023-04-10 06:22:43.807167', 2, 1, 2, 0),
(162, 'Veal - Inside Round / Top, Lean', '-', 'ultricies eu nibh quisque id justo sit amet sapien dignissim vestibulum vestibulum ante ipsum primis in faucibus orci luctus et', 72.51, 85, '2019-01-01 00:00:00.000000', '2023-04-10 06:25:42.931553', 8, 2, 2, 0),
(163, 'Lemonade - Pineapple Passion', '-', 'nec molestie sed justo pellentesque viverra pede ac diam cras pellentesque volutpat dui maecenas tristique', 14.67, 8, '2019-01-01 00:00:00.000000', '2023-04-10 06:22:44.057138', 2, 1, 2, 0),
(164, 'Peach - Fresh', '-', 'non sodales sed tincidunt eu felis fusce posuere felis sed lacus morbi', 74.71, 51, '2019-01-01 00:00:00.000000', '2023-04-10 06:24:01.012267', 5, 2, 2, 0),
(165, 'Garlic', '-', 'nascetur ridiculus mus etiam vel augue vestibulum rutrum rutrum neque aenean auctor gravida sem praesent id massa id', 85.06, 64, '2019-01-01 00:00:00.000000', '2023-04-10 06:23:30.240501', 4, 1, 2, 0),
(166, 'Artichoke - Fresh', '-', 'pede malesuada in imperdiet et commodo vulputate justo in blandit ultrices enim lorem ipsum dolor sit amet consectetuer adipiscing', 70.35, 100, '2019-01-01 00:00:00.000000', '2023-04-10 06:25:43.416119', 8, 2, 2, 0),
(167, 'Sauce - Thousand Island', '-', 'orci luctus et ultrices posuere cubilia curae donec pharetra magna vestibulum aliquet ultrices erat tortor sollicitudin mi sit amet lobortis', 35.45, 64, '2019-01-01 00:00:00.000000', '2023-04-10 06:22:44.653721', 2, 1, 2, 0),
(168, 'Sparkling Wine - Rose, Freixenet', '-', 'augue quam sollicitudin vitae consectetuer eget rutrum at lorem integer tincidunt ante vel ipsum praesent blandit lacinia erat vestibulum sed', 73.38, 45, '2019-01-01 00:00:00.000000', '2023-04-10 06:23:30.894923', 4, 2, 2, 0),
(169, 'Cheese - Cheddar, Medium', '-', 'tempus sit amet sem fusce consequat nulla nisl nunc nisl duis', 80.33, 95, '2019-01-01 00:00:00.000000', '2023-04-10 06:22:44.843886', 2, 1, 2, 0),
(170, 'Yeast Dry - Fleischman', '-', 'adipiscing elit proin interdum mauris non ligula pellentesque ultrices phasellus id sapien in sapien', 46.37, 39, '2019-01-01 00:00:00.000000', '2023-04-10 06:23:31.305629', 4, 2, 2, 0),
(171, 'Chips - Potato Jalapeno', '-', 'augue vel accumsan tellus nisi eu orci mauris lacinia sapien quis libero nullam sit amet turpis', 30.96, 9, '2019-01-01 00:00:00.000000', '2023-04-10 06:23:31.832385', 4, 1, 2, 0),
(172, 'Shallots', '-', 'sit amet consectetuer adipiscing elit proin risus praesent lectus vestibulum quam sapien varius ut blandit non interdum in ante', 84.84, 87, '2019-01-01 00:00:00.000000', '2023-04-10 06:23:32.074733', 4, 2, 2, 0),
(173, 'Coke - Diet, 355 Ml', '-', 'eget elit sodales scelerisque mauris sit amet eros suspendisse accumsan tortor quis turpis sed ante vivamus tortor duis', 89.46, 52, '2019-01-01 00:00:00.000000', '2023-04-10 06:22:45.878005', 2, 1, 2, 0),
(174, 'Pernod', '-', 'condimentum id luctus nec molestie sed justo pellentesque viverra pede ac diam cras pellentesque volutpat dui maecenas tristique est', 68.59, 78, '2019-01-01 00:00:00.000000', '2023-04-10 06:24:01.683454', 5, 2, 2, 0),
(175, 'Pate - Cognac', '-', 'eu est congue elementum in hac habitasse platea dictumst morbi', 87.37, 3, '2019-01-01 00:00:00.000000', '2023-04-10 06:25:43.823854', 8, 1, 2, 0),
(176, 'Wine - Penfolds Koonuga Hill', '-', 'vestibulum sit amet cursus id turpis integer aliquet massa id', 43.99, 34, '2019-01-01 00:00:00.000000', '2023-04-10 06:24:02.203722', 5, 2, 2, 0),
(177, 'Shrimp - Tiger 21/25', '-', 'massa quis augue luctus tincidunt nulla mollis molestie lorem quisque ut erat', 59.91, 4, '2019-01-01 00:00:00.000000', '2023-04-10 06:22:46.335054', 2, 1, 2, 0),
(178, 'Watercress', '-', 'blandit non interdum in ante vestibulum ante ipsum primis in faucibus orci luctus et ultrices posuere cubilia', 25.40, 94, '2019-01-01 00:00:00.000000', '2023-04-10 06:23:32.640055', 4, 2, 2, 0),
(179, 'Flour - Chickpea', '-', 'nonummy maecenas tincidunt lacus at velit vivamus vel nulla eget eros elementum', 11.58, 20, '2019-01-01 00:00:00.000000', '2023-04-10 06:25:44.248956', 8, 1, 2, 0),
(180, 'Tea Leaves - Oolong', '-', 'varius ut blandit non interdum in ante vestibulum ante ipsum primis in faucibus orci luctus et ultrices posuere cubilia', 9.86, 92, '2019-01-01 00:00:00.000000', '2023-04-10 06:23:32.958241', 4, 2, 2, 0),
(181, 'Wine - Hardys Bankside Shiraz', '-', 'vivamus metus arcu adipiscing molestie hendrerit at vulputate vitae nisl aenean lectus pellentesque eget nunc', 98.46, 69, '2019-01-01 00:00:00.000000', '2023-04-10 06:22:46.857325', 2, 1, 2, 0),
(182, 'Magnotta - Bel Paese White', '-', 'mattis pulvinar nulla pede ullamcorper augue a suscipit nulla elit', 87.08, 65, '2019-01-01 00:00:00.000000', '2023-04-10 06:24:02.984641', 5, 2, 2, 0),
(183, 'Beef - Montreal Smoked Brisket', '-', 'vestibulum ante ipsum primis in faucibus orci luctus et ultrices posuere cubilia', 65.66, 68, '2019-01-01 00:00:00.000000', '2023-04-10 06:24:03.295534', 5, 1, 2, 0),
(184, 'Doilies - 7, Paper', '-', 'nunc purus phasellus in felis donec semper sapien a libero nam dui proin leo odio porttitor id consequat in', 6.42, 9, '2019-01-01 00:00:00.000000', '2023-04-10 06:23:33.502868', 4, 2, 2, 0),
(185, 'Venison - Striploin', '-', 'vulputate luctus cum sociis natoque penatibus et magnis dis parturient montes nascetur ridiculus mus vivamus vestibulum sagittis sapien cum sociis', 85.15, 88, '2019-01-01 00:00:00.000000', '2023-04-10 06:25:45.171404', 8, 1, 2, 0),
(186, 'Turnip - Mini', '-', 'ultrices aliquet maecenas leo odio condimentum id luctus nec molestie sed justo pellentesque', 80.88, 67, '2019-01-01 00:00:00.000000', '2023-04-10 06:25:45.852628', 8, 2, 2, 0),
(187, 'Peach - Halves', '-', 'non interdum in ante vestibulum ante ipsum primis in faucibus orci luctus et ultrices posuere cubilia curae duis faucibus', 12.87, 76, '2019-01-01 00:00:00.000000', '2023-04-10 06:22:47.590022', 2, 1, 2, 0),
(188, 'Glaze - Clear', '-', 'quam a odio in hac habitasse platea dictumst maecenas ut massa', 19.86, 1, '2019-01-01 00:00:00.000000', '2023-04-10 06:22:48.593655', 2, 2, 2, 0),
(189, 'Wine - Red, Concha Y Toro', '-', 'tellus semper interdum mauris ullamcorper purus sit amet nulla quisque arcu libero rutrum ac lobortis vel dapibus', 65.45, 24, '2019-01-01 00:00:00.000000', '2023-04-10 06:24:03.786328', 5, 1, 2, 0),
(190, 'Wine - Ej Gallo Sonoma', '-', 'parturient montes nascetur ridiculus mus etiam vel augue vestibulum rutrum rutrum neque aenean auctor', 91.58, 6, '2019-01-01 00:00:00.000000', '2023-04-10 06:23:34.071685', 4, 2, 2, 0),
(191, 'Pickles - Gherkins', '-', 'lectus pellentesque at nulla suspendisse potenti cras in purus eu magna vulputate luctus cum sociis natoque penatibus et magnis dis', 68.10, 18, '2019-01-01 00:00:00.000000', '2023-04-10 06:22:48.937972', 2, 1, 2, 0),
(192, 'Butter Sweet', '-', 'fusce congue diam id ornare imperdiet sapien urna pretium nisl ut volutpat sapien arcu', 39.80, 72, '2019-01-01 00:00:00.000000', '2023-04-10 06:25:46.731336', 8, 2, 2, 0),
(193, 'Onions - Red Pearl', '-', 'magna vestibulum aliquet ultrices erat tortor sollicitudin mi sit amet lobortis sapien sapien non mi integer', 35.52, 51, '2019-01-01 00:00:00.000000', '2023-04-10 06:22:49.196761', 2, 1, 2, 0),
(194, 'Seedlings - Mix, Organic', '-', 'aliquet massa id lobortis convallis tortor risus dapibus augue vel accumsan tellus nisi eu orci mauris', 6.23, 51, '2019-01-01 00:00:00.000000', '2023-04-10 06:24:04.630501', 5, 2, 2, 0),
(195, 'Bread - Calabrese Baguette', '-', 'enim blandit mi in porttitor pede justo eu massa donec dapibus duis at velit eu est congue', 80.51, 43, '2019-01-01 00:00:00.000000', '2023-04-10 06:22:49.980078', 2, 1, 2, 0),
(196, 'Lamb - Loin Chops', '-', 'libero nam dui proin leo odio porttitor id consequat in consequat ut nulla sed accumsan', 94.45, 2, '2019-01-01 00:00:00.000000', '2023-04-10 06:24:05.463167', 5, 2, 2, 0),
(197, 'Peas Snow', '-', 'egestas metus aenean fermentum donec ut mauris eget massa tempor convallis nulla neque libero convallis eget eleifend', 18.05, 93, '2019-01-01 00:00:00.000000', '2023-04-10 06:24:06.307800', 5, 1, 2, 0),
(198, 'Blueberries', '-', 'a pede posuere nonummy integer non velit donec diam neque vestibulum eget vulputate ut ultrices vel augue vestibulum ante', 74.23, 11, '2019-01-01 00:00:00.000000', '2023-04-10 06:24:06.862629', 5, 2, 2, 0),
(199, 'Cookie - Dough Variety', '-', 'parturient montes nascetur ridiculus mus etiam vel augue vestibulum rutrum rutrum neque aenean auctor gravida sem praesent id', 37.39, 79, '2019-01-01 00:00:00.000000', '2023-04-10 06:23:34.830235', 4, 1, 2, 0),
(200, 'Extract - Almond', '-', 'nisi venenatis tristique fusce congue diam id ornare imperdiet sapien urna pretium nisl ut volutpat sapien', 9.97, 86, '2019-01-01 00:00:00.000000', '2023-04-10 06:24:06.967273', 5, 2, 2, 0),
(201, 'Pastry - Banana Muffin - Mini', '-', 'convallis eget eleifend luctus ultricies eu nibh quisque id justo sit amet sapien dignissim vestibulum vestibulum ante', 34.27, 98, '2019-01-01 00:00:00.000000', '2023-04-10 06:23:35.256431', 4, 1, 2, 0),
(202, 'Food Colouring - Orange', '-', 'quis justo maecenas rhoncus aliquam lacus morbi quis tortor id nulla ultrices aliquet maecenas leo odio condimentum id luctus nec', 74.11, 20, '2019-01-01 00:00:00.000000', '2023-04-10 06:24:07.210583', 5, 2, 2, 0),
(203, 'Split Peas - Green, Dry', '-', 'lacus morbi quis tortor id nulla ultrices aliquet maecenas leo odio condimentum id luctus nec', 2.51, 77, '2019-01-01 00:00:00.000000', '2023-04-10 06:23:35.804650', 4, 1, 2, 0),
(204, 'Lid Coffee Cup 8oz Blk', '-', 'mauris vulputate elementum nullam varius nulla facilisi cras non velit nec nisi vulputate nonummy maecenas tincidunt', 26.97, 71, '2019-01-01 00:00:00.000000', '2023-05-11 02:34:22.738911', 2, 2, 1, 0),
(205, 'Truffle Cups Green', '-', 'proin at turpis a pede posuere nonummy integer non velit donec diam neque vestibulum', 88.95, 38, '2019-01-01 00:00:00.000000', '2023-04-10 06:22:51.079482', 2, 1, 2, 0),
(206, 'Cheese - Sheep Milk', '-', 'risus semper porta volutpat quam pede lobortis ligula sit amet eleifend pede libero quis orci nullam molestie nibh in', 64.43, 87, '2019-01-01 00:00:00.000000', '2023-04-10 06:22:51.656700', 2, 2, 2, 0),
(207, 'Oil - Shortening - All - Purpose', '-', 'ultrices posuere cubilia curae mauris viverra diam vitae quam suspendisse potenti nullam porttitor lacus at turpis donec posuere', 68.52, 78, '2019-01-01 00:00:00.000000', '2023-04-10 06:25:51.238059', 9, 1, 2, 0),
(208, 'Pepper - Chillies, Crushed', '-', 'ultrices aliquet maecenas leo odio condimentum id luctus nec molestie', 17.08, 77, '2019-01-01 00:00:00.000000', '2023-04-10 06:24:07.380618', 5, 2, 2, 0),
(209, 'Chicken - Whole Roasting', '-', 'duis bibendum felis sed interdum venenatis turpis enim blandit mi in porttitor pede', 95.44, 9, '2019-01-01 00:00:00.000000', '2023-04-10 06:24:08.256927', 5, 1, 2, 0),
(210, 'Wiberg Cure', '-', 'vel est donec odio justo sollicitudin ut suscipit a feugiat et eros vestibulum ac est lacinia nisi venenatis', 52.18, 6, '2019-01-01 00:00:00.000000', '2023-04-10 06:25:51.663421', 9, 2, 2, 0),
(211, 'Cleaner - Lime Away', '-', 'ultrices posuere cubilia curae duis faucibus accumsan odio curabitur convallis duis consequat dui', 78.25, 95, '2019-01-01 00:00:00.000000', '2023-04-10 06:25:52.233088', 9, 1, 2, 0),
(212, 'Puree - Kiwi', '-', 'ac tellus semper interdum mauris ullamcorper purus sit amet nulla', 49.93, 80, '2019-01-01 00:00:00.000000', '2023-04-10 06:23:36.973586', 4, 2, 2, 0),
(213, 'Pineapple - Canned, Rings', '-', 'ultrices posuere cubilia curae duis faucibus accumsan odio curabitur convallis duis consequat dui nec nisi', 19.07, 23, '2019-01-01 00:00:00.000000', '2023-04-10 06:22:52.141077', 2, 1, 2, 0),
(214, 'Turkey - Oven Roast Breast', '-', 'adipiscing elit proin risus praesent lectus vestibulum quam sapien varius ut blandit non interdum in', 85.71, 10, '2019-01-01 00:00:00.000000', '2023-04-10 06:22:52.434300', 2, 2, 2, 0),
(215, 'Hand Towel', '-', 'suspendisse ornare consequat lectus in est risus auctor sed tristique in tempus sit amet sem fusce consequat nulla nisl', 36.16, 54, '2019-01-01 00:00:00.000000', '2023-04-10 06:23:37.199569', 4, 1, 2, 0),
(216, 'Pork - Sausage, Medium', '-', 'vitae quam suspendisse potenti nullam porttitor lacus at turpis donec', 68.06, 25, '2019-01-01 00:00:00.000000', '2023-04-10 06:22:53.573326', 2, 2, 2, 0),
(217, 'Cheese Cloth No 100', '-', 'id justo sit amet sapien dignissim vestibulum vestibulum ante ipsum primis in faucibus orci luctus et ultrices posuere cubilia', 11.95, 52, '2019-01-01 00:00:00.000000', '2023-04-10 06:22:54.325463', 2, 1, 2, 0),
(218, 'Sobe - Tropical Energy', '-', 'purus eu magna vulputate luctus cum sociis natoque penatibus et magnis dis parturient', 24.26, 34, '2019-01-01 00:00:00.000000', '2023-04-10 06:25:52.442152', 9, 2, 2, 0),
(219, 'Beef - Rib Roast, Capless', '-', 'accumsan felis ut at dolor quis odio consequat varius integer ac leo pellentesque ultrices mattis odio donec', 85.39, 41, '2019-01-01 00:00:00.000000', '2023-04-10 06:24:09.097618', 5, 1, 2, 0),
(220, 'Test', 'test', 'test', 1.00, 0, '2023-06-12 01:34:10.596789', '2023-06-12 01:34:10.596811', 2, 1, 2, 0);
